Timestamp,User Count,Type,Name,Requests/s,Failures/s,50%,66%,75%,80%,90%,95%,98%,99%,99.9%,99.99%,100%,Total Request Count,Total Failure Count,Total Median Response Time,Total Average Response Time,Total Min Response Time,Total Max Response Time,Total Average Content Size
1791320802,0,,Aggregated,0.000000,0.000000,N/A,N/A,N/A,N/A,N/A,N/A,N/A,N/A,N/A,N/A,N/A,0,0,0,0.0,0,0,0
1791320803,50,,Aggregated,0.000000,0.000000,N/A,N/A,N/A,N/A,N/A,N/A,N/A,N/A,N/A,N/A,N/A,0,0,0,0.0,0,0,0
1791320804,75,,Aggregated,0.000000,0.000000,N/A,N/A,N/A,N/A,N/A,N/A,N/A,N/A,N/A,N/A,N/A,0,0,0,0.0,0,0,0
1791320805,100,,Aggregated,0.000000,0.000000,15,39,62,2100,2100,2100,2100,2100,2100,2100,2100,107,0,15,504.7514859813257,3.805200001806952,2130.613999994239,4480.102803738318
1791320806,100,,Aggregated,0.000000,0.000000,15,30,48,66,2100,2100,2200,2200,2200,2200,2200,289,0,15,381.83897577851945,3.609499995945953,2179.1067000012845,3942.955017301038
1791320807,100,,Aggregated,31.333333,0.000000,14,22,36,53,2100,2100,2200,2200,2200,2200,2200,561,0,14,300.3257941175802,3.609499995945953,2188.774399997783,3438.4955436720143
1791320808,100,,Aggregated,64.750000,0.000000,13,20,33,55,2100,2100,2200,2200,2200,2200,2200,888,0,13,259.4749956080852,3.409500000998378,2224.3747000029543,3199.038288288288
1791320809,100,,Aggregated,100.200000,0.000000,12,18,26,35,120,2100,2200,2200,2200,2200,2200,1208,0,12,194.38741125823853,3.3801000099629164,2224.3747000029543,2873.062913907285
1791320810,100,,Aggregated,136.833333,0.000000,12,18,27,35,77,2100,2100,2200,2200,2200,2200,1515,0,12,158.9732320790687,3.3801000099629164,2224.3747000029543,2678.912211221122
1791320811,100,,Aggregated,164.428571,0.000000,11,17,23,29,64,2100,2100,2200,2200,2200,2200,1834,0,11,133.59102061059892,3.3801000099629164,2224.3747000029543,2562.8053435114502
1791320812,100,,Aggregated,181.125000,0.000000,11,16,22,27,50,180,2100,2200,2200,2200,2200,2148,0,11,115.84554362191194,3.3801000099629164,2224.3747000029543,2494.3370577281194
1791320813,100,,Aggregated,196.222222,0.000000,11,15,19,24,43,120,2100,2200,2200,2200,2200,2463,0,11,102.2459100282689,3.311199994641356,2224.3747000029543,2433.1518473406413
1791320814,100,,Aggregated,209.000000,0.000000,10,14,18,22,39,91,2100,2100,2200,2200,2200,2794,0,10,91.32561417314945,3.2562000124016777,2224.3747000029543,2401.5071581961347
1791320815,100,,Aggregated,240.300000,0.000000,10,14,17,21,36,75,2100,2100,2200,2200,2200,3110,0,10,83.03540749183854,3.2562000124016777,2224.3747000029543,2347.8244372990353
1791320816,100,,Aggregated,272.700000,0.000000,10,14,18,21,36,72,2100,2100,2200,2200,2200,3421,0,10,77.15657696568184,3.2562000124016777,2224.3747000029543,2313.6691026015783
1791320817,100,,Aggregated,295.300000,0.000000,10,14,18,21,35,66,2100,2100,2200,2200,2200,3727,0,10,71.83086141655595,3.2562000124016777,2224.3747000029543,2280.935336731956
1791320818,100,,Aggregated,309.600000,0.000000,10,14,17,20,33,60,2100,2100,2200,2200,2200,4041,0,10,67.2104499379997,3.2562000124016777,2224.3747000029543,2259.898045038357
1791320819,100,,Aggregated,315.800000,0.000000,10,14,17,20,32,56,2100,2100,2200,2200,2200,4371,0,10,63.06047650411773,3.2562000124016777,2224.3747000029543,2245.4948524365136
1791320820,100,,Aggregated,314.900000,0.000000,9,13,17,20,31,51,2100,2100,2200,2200,2200,4686,0,9,59.446578425012746,3.2562000124016777,2224.3747000029543,2229.5906956892873
1791320821,100,,Aggregated,315.600000,0.000000,10,14,17,20,31,48,230,2100,2200,2200,2200,5004,0,10,56.641141127038516,3.2562000124016777,2224.3747000029543,2215.31654676259
1791320822,100,,Aggregated,317.800000,0.000000,9,14,17,20,30,46,190,2100,2200,2200,2200,5331,0,9,53.923599324621286,3.2562000124016777,2224.3747000029543,2200.9504783342713
1791320823,100,,Aggregated,316.100000,0.000000,10,14,17,20,30,45,140,2100,2200,2200,2200,5650,0,10,51.67474419461662,3.2562000124016777,2224.3747000029543,2196.0084955752213
1791320824,100,,Aggregated,315.500000,0.000000,10,14,17,20,30,44,120,2100,2200,2200,2200,5956,0,10,49.738156195379844,3.2562000124016777,2224.3747000029543,2181.554063129617
1791320825,100,,Aggregated,316.300000,0.000000,10,14,17,20,32,49,120,2100,2200,2200,2200,6256,0,10,48.77342734969093,3.2562000124016777,2224.3747000029543,2173.7249040920715
1791320826,100,,Aggregated,315.100000,0.000000,10,14,18,21,33,50,120,2100,2200,2200,2200,6563,0,10,47.491785738192334,3.2562000124016777,2224.3747000029543,2167.118543349078
1791320827,100,,Aggregated,312.800000,0.000000,10,14,18,21,33,49,110,2100,2200,2200,2200,6869,0,10,46.117836395373224,3.2562000124016777,2224.3747000029543,2158.774348522347
1791320828,100,,Aggregated,313.300000,0.000000,10,14,18,21,32,48,110,2100,2200,2200,2200,7197,0,10,44.71264843682078,3.2562000124016777,2224.3747000029543,2152.7101570098653
1791320829,100,,Aggregated,312.100000,0.000000,10,14,18,21,32,47,100,2100,2200,2200,2200,7512,0,10,43.34014475504373,3.2562000124016777,2224.3747000029543,2144.7340255591052
1791320830,100,,Aggregated,312.900000,0.000000,10,14,18,21,31,46,99,2100,2200,2200,2200,7832,0,10,42.17020308988233,3.2562000124016777,2224.3747000029543,2138.546348314607
1791320831,100,,Aggregated,311.200000,0.000000,10,14,18,21,31,45,95,2100,2200,2200,2200,8161,0,10,41.03849262345288,3.2562000124016777,2224.3747000029543,2136.1248621492464
1791320832,100,,Aggregated,310.700000,0.000000,11,15,18,21,32,46,89,2100,2200,2200,2200,8475,0,11,40.25467681416048,3.2562000124016777,2224.3747000029543,2127.9051327433626
1791320833,100,,Aggregated,314.400000,0.000000,10,15,18,21,31,45,86,2100,2200,2200,2200,8787,0,10,39.28732306815838,3.2562000124016777,2224.3747000029543,2126.847160578127
1791320834,100,,Aggregated,313.500000,0.000000,11,15,18,21,31,45,85,2100,2200,2200,2200,9097,0,11,38.47471241064986,3.2562000124016777,2224.3747000029543,2121.1927008904036
1791320835,100,,Aggregated,312.000000,0.000000,10,15,18,21,31,45,82,2100,2200,2200,2200,9420,0,10,37.558700307811506,3.2562000124016777,2224.3747000029543,2111.6175159235668
1791320836,100,,Aggregated,312.100000,0.000000,10,15,18,21,31,44,80,2100,2200,2200,2200,9735,0,10,36.75144130453928,3.2562000124016777,2224.3747000029543,2109.6815613764766
1791320837,100,,Aggregated,314.400000,0.000000,10,15,18,21,31,45,84,230,2200,2200,2200,10049,0,10,36.419505343795365,3.2562000124016777,2224.3747000029543,2104.218529206886
1791320838,100,,Aggregated,314.300000,0.000000,10,15,18,21,31,45,84,200,2200,2200,2200,10359,0,10,35.80102502169735,3.2562000124016777,2224.3747000029543,2100.751037744956
1791320839,100,,Aggregated,315.400000,0.000000,10,15,18,21,31,45,82,190,2200,2200,2200,10672,0,10,35.089768637543806,3.2562000124016777,2224.3747000029543,2098.4586769115444
1791320840,100,,Aggregated,315.800000,0.000000,10,15,18,21,31,44,80,140,2200,2200,2200,10995,0,10,34.43402385629332,3.2562000124016777,2224.3747000029543,2096.8854934060937
1791320841,100,,Aggregated,315.300000,0.000000,10,15,18,21,31,44,78,140,2200,2200,2200,11324,0,10,33.8505917167081,3.2562000124016777,2224.3747000029543,2093.6948957965383
1791320842,100,,Aggregated,315.700000,0.000000,10,15,18,21,31,45,77,140,2200,2200,2200,11602,0,10,33.54156754869711,3.2562000124016777,2224.3747000029543,2091.8279606964315
1791320843,100,,Aggregated,313.000000,0.000000,10,15,18,21,31,46,78,130,2200,2200,2200,11933,0,10,33.22330953656393,3.2562000124016777,2224.3747000029543,2089.1956758568676
1791320844,100,,Aggregated,314.400000,0.000000,10,15,18,21,31,45,78,130,2200,2200,2200,12250,0,10,32.685986906111864,3.2562000124016777,2224.3747000029543,2084.737632653061
1791320845,100,,Aggregated,312.300000,0.000000,10,15,18,21,31,45,77,130,2200,2200,2200,12576,0,10,32.152644330459694,3.2562000124016777,2224.3747000029543,2081.631997455471
1791320846,100,,Aggregated,312.400000,0.000000,10,15,18,21,31,45,77,130,2200,2200,2200,12818,0,10,31.871937002645243,3.2562000124016777,2224.3747000029543,2080.230379154314
